Date,Open,High,Low,Close
1/1/2016 0:00,430.05,436.11,427.32,434.46
1/2/2016 0:00,434.46,436.19,431.57,433.59
1/3/2016 0:00,433.59,433.95,424.15,430.36
1/4/2016 0:00,430.36,435.15,429.42,433.49
1/5/2016 0:00,433.49,434.7,429.09,432.25
1/6/2016 0:00,432.25,432.25,426.17,429.46
1/7/2016 0:00,429.46,460.09,429.06,458.28
1/8/2016 0:00,458.28,463.95,447.39,453.37
1/9/2016 0:00,453.37,455.11,447.3,449.14
1/10/2016 0:00,449.14,449.84,441.19,448.96
1/11/2016 0:00,448.96,451.44,443.26,448.38
1/12/2016 0:00,448.38,448.4,432.53,432.88
1/13/2016 0:00,432.88,435.66,422.1,432.04
1/14/2016 0:00,432.04,433.67,427.03,429.73
1/15/2016 0:00,429.73,429.81,358.77,358.77
1/16/2016 0:00,358.77,390.8,353.28,387.66
1/17/2016 0:00,387.66,390.59,378.26,380.21
1/18/2016 0:00,380.21,387.48,374.48,385.84
1/19/2016 0:00,385.84,386.64,376.72,377.74
1/20/2016 0:00,377.74,424.65,374.22,418.74
1/21/2016 0:00,418.74,422.66,405.44,409.94
1/22/2016 0:00,409.94,410.46,374.14,381.76
1/23/2016 0:00,381.76,394.5,381.19,386.19
1/24/2016 0:00,386.19,405.8,386.15,402.61
1/25/2016 0:00,402.61,402.64,386.52,390.66
1/26/2016 0:00,390.66,397.57,388.03,391.43
1/27/2016 0:00,391.43,396.57,390.49,394.63
1/28/2016 0:00,394.63,394.99,377.09,379.38
1/29/2016 0:00,379.38,384.49,363.64,378.2
1/30/2016 0:00,378.2,380.7,375.43,376.94
1/31/2016 0:00,376.94,379.53,364.29,367.13
2/1/2016 0:00,367.13,378.52,365.95,371.25
2/2/2016 0:00,371.25,374.83,371.1,372.88
2/3/2016 0:00,372.88,373.79,366.32,368.93
2/4/2016 0:00,368.93,391.27,368.74,388.61
2/5/2016 0:00,388.61,390.19,384.24,385.34
2/6/2016 0:00,385.34,385.34,370.6,375.4
2/7/2016 0:00,375.4,379.56,372.88,375.28
2/8/2016 0:00,375.28,378.69,370.77,371.1
2/9/2016 0:00,371.1,376.29,370.91,373.32
2/10/2016 0:00,373.32,383.56,372.93,379.96
2/11/2016 0:00,379.96,381.2,373.22,377.72
2/12/2016 0:00,377.72,383.54,377.31,383.13
2/13/2016 0:00,383.13,392.34,383.05,392.18
2/14/2016 0:00,392.18,407.17,392.18,406.74
2/15/2016 0:00,406.74,410.24,395.48,399.48
2/16/2016 0:00,399.48,408.12,399.3,407.36
2/17/2016 0:00,407.36,421.02,405.87,415.56
2/18/2016 0:00,415.56,424.98,415.01,421.64
2/19/2016 0:00,421.64,422.43,415.68,420.33
2/20/2016 0:00,420.33,443.18,420.27,436.52
2/21/2016 0:00,436.52,448.29,427,438.98
2/22/2016 0:00,438.98,439.66,432.65,438.07
2/23/2016 0:00,438.07,440.7,415.61,419.98
2/24/2016 0:00,419.98,424.84,411.12,424.36
2/25/2016 0:00,424.36,427.03,418.19,423.52
2/26/2016 0:00,423.52,432.06,419.53,432.06
2/27/2016 0:00,432.06,434.77,429.85,432.14
2/28/2016 0:00,432.14,435.35,422.07,432.64
2/29/2016 0:00,432.64,441.65,430.08,436.61
3/1/2016 0:00,436.61,438.54,428.5,433.64
3/2/2016 0:00,433.64,434.91,420.77,421.6
3/3/2016 0:00,421.6,423.52,415.64,419.47
3/4/2016 0:00,419.47,422.57,407.55,407.98
3/5/2016 0:00,407.98,408.95,388.96,397.83
3/6/2016 0:00,397.83,409.72,391.78,404.55
3/7/2016 0:00,404.55,415.06,402.41,412.98
3/8/2016 0:00,412.98,415.51,408.48,411.76
3/9/2016 0:00,411.76,413.78,408.8,412.62
3/10/2016 0:00,412.62,416.44,410.87,416.16
3/11/2016 0:00,416.16,421.93,415.62,419.89
3/12/2016 0:00,419.89,420.82,407.3,410.13
3/13/2016 0:00,410.13,416.02,410.09,412.29
3/14/2016 0:00,412.29,415.41,412.04,415.09
3/15/2016 0:00,415.09,417.12,412.6,415.38
3/16/2016 0:00,415.38,416.6,413.8,416.25
3/17/2016 0:00,416.25,419.51,416.13,418.45
3/18/2016 0:00,418.45,418.45,403.62,408.04
3/19/2016 0:00,408.04,409.33,403.34,408.52
3/20/2016 0:00,408.52,412.43,408.09,410.75
3/21/2016 0:00,410.75,411.58,406.93,411.42
3/22/2016 0:00,411.42,417.15,410.65,416.93
3/23/2016 0:00,416.93,418.55,415.66,417.39
3/24/2016 0:00,417.39,417.44,413.49,414.34
3/25/2016 0:00,414.34,416.43,412.84,415.69
3/26/2016 0:00,415.69,417.32,414.84,416.73
3/27/2016 0:00,416.73,427,416.04,425.38
3/28/2016 0:00,425.38,425.38,421.45,422.76
3/29/2016 0:00,422.76,424.46,407.88,415.55
3/30/2016 0:00,415.55,415.61,409.19,412.69
3/31/2016 0:00,412.69,416.94,412.69,415.16
4/1/2016 0:00,415.16,417.01,414.09,417.01
4/2/2016 0:00,417.01,420.89,416.82,419.69
4/3/2016 0:00,419.69,419.83,417.2,419.38
4/4/2016 0:00,419.38,419.78,417.41,419.42
4/5/2016 0:00,419.42,423.24,418.87,422.65
4/6/2016 0:00,422.65,422.98,421.13,421.7
4/7/2016 0:00,421.7,422.01,418.75,421.2
4/8/2016 0:00,421.2,423.56,416.08,418.09
4/9/2016 0:00,418.09,418.44,413.16,418.42
4/10/2016 0:00,418.42,421.87,417.79,421.11
4/11/2016 0:00,421.11,422.99,419.38,422.99
4/12/2016 0:00,422.99,427.79,422.69,425.99
4/13/2016 0:00,425.99,427.1,422.92,424.4
4/14/2016 0:00,424.4,425.79,423.1,425.11
4/15/2016 0:00,425.11,429.99,424.71,429.98
4/16/2016 0:00,429.98,433,429.36,430.84
4/17/2016 0:00,430.84,431.68,426.27,427.86
4/18/2016 0:00,427.86,430.08,427.17,429.05
4/19/2016 0:00,429.05,437.11,428.08,436.1
4/20/2016 0:00,436.1,444.04,434.75,442.16
4/21/2016 0:00,442.16,452.8,441.3,451.1
4/22/2016 0:00,451.1,451.73,443.91,447.64
4/23/2016 0:00,447.64,452.79,445.71,452.58
4/24/2016 0:00,452.58,460.97,450.29,460.33
4/25/2016 0:00,460.33,469.28,455.96,462.51
4/26/2016 0:00,462.51,470.16,462.44,467.8
4/27/2016 0:00,467.8,468.82,443.7,445.01
4/28/2016 0:00,445.01,450.09,435.28,449.86
4/29/2016 0:00,449.86,456.84,446.13,456.35
4/30/2016 0:00,456.35,456.89,447.84,449.33
5/1/2016 0:00,449.33,453.5,448.34,453.04
5/2/2016 0:00,453.04,453.43,439.89,444.51
5/3/2016 0:00,444.51,451.44,441.99,450.27
5/4/2016 0:00,450.27,450.71,445.44,446.96
5/5/2016 0:00,446.96,449.47,445.83,448.53
5/6/2016 0:00,448.53,462.76,447.35,460.37
5/7/2016 0:00,460.37,461.73,457.96,459.46
5/8/2016 0:00,459.46,460.48,456.15,459.44
5/9/2016 0:00,459.44,464.21,457.14,461.49
5/10/2016 0:00,461.49,463.04,447.76,450.99
5/11/2016 0:00,450.99,454.94,450.84,452.11
5/12/2016 0:00,452.11,454.96,447.73,454.82
5/13/2016 0:00,454.82,456.49,452.39,455.73
5/14/2016 0:00,455.73,457.04,453.83,455.75
5/15/2016 0:00,455.75,458.87,454.91,457.85
5/16/2016 0:00,457.85,458.41,451.33,453.41
5/17/2016 0:00,453.41,454.81,452.3,452.75
5/18/2016 0:00,452.75,455.73,452.32,453.38
5/19/2016 0:00,453.38,454.08,436.28,436.73
5/20/2016 0:00,436.73,444.07,435.62,442.95
5/21/2016 0:00,442.95,443.71,439.29,443.13
5/22/2016 0:00,443.13,443.2,437.71,438.77
5/23/2016 0:00,438.77,444.09,437.38,443.73
5/24/2016 0:00,443.73,446.47,443.25,445.13
5/25/2016 0:00,445.13,449.98,445.13,449.23
5/26/2016 0:00,449.23,453.91,447.38,453.82
5/27/2016 0:00,453.82,479.39,453.82,473.47
5/28/2016 0:00,473.47,531.7,472.19,525.43
5/29/2016 0:00,525.43,545.76,508.12,524.08
5/30/2016 0:00,524.08,541.78,520.07,532.59
5/31/2016 0:00,532.59,546.85,519.93,531.8
6/1/2016 0:00,531.8,543.63,525.64,536.42
6/2/2016 0:00,536.42,541.06,532.69,538.14
6/3/2016 0:00,538.14,576.78,536.71,570.47
6/4/2016 0:00,570.47,591.03,563.15,573.45
6/5/2016 0:00,573.45,583.31,568.33,574.11
6/6/2016 0:00,574.11,586.63,574.1,585.53
6/7/2016 0:00,585.53,590.98,565.16,577.86
6/8/2016 0:00,577.86,583.99,573.44,583.1
6/9/2016 0:00,583.1,583.24,572.04,576.45
6/10/2016 0:00,576.45,579.9,573.67,579.13
6/11/2016 0:00,579.13,611.78,578.73,611.78
6/12/2016 0:00,611.78,685.27,607.66,675.34
6/13/2016 0:00,675.34,719.85,663.37,705.62
6/14/2016 0:00,705.62,705.67,661.6,685.99
6/15/2016 0:00,685.99,697.09,673.25,696.32
6/16/2016 0:00,696.32,774.35,696.32,768.24
6/17/2016 0:00,768.24,776.64,709.69,747.55
6/18/2016 0:00,747.55,781.31,727.75,755.68
6/19/2016 0:00,755.68,765.93,742.57,764.04
6/20/2016 0:00,764.04,764.04,726.09,727.95
6/21/2016 0:00,727.95,728.06,631.72,665.88
6/22/2016 0:00,665.88,678.22,587.73,602.89
6/23/2016 0:00,602.89,633.85,551.92,625.49
6/24/2016 0:00,625.49,680.19,624.94,665.16
6/25/2016 0:00,665.16,692.54,644.87,665.33
6/26/2016 0:00,665.33,666.7,615.77,630.25
6/27/2016 0:00,630.25,658.4,620.08,658.4
6/28/2016 0:00,658.4,661.35,636.7,646.3
6/29/2016 0:00,646.3,646.3,624.77,639.08
6/30/2016 0:00,639.08,674.02,634.3,672.48
7/1/2016 0:00,672.48,684.8,667.54,676.52
7/2/2016 0:00,676.52,703.69,675.49,703.69
7/3/2016 0:00,703.69,704.42,648.05,659.69
7/4/2016 0:00,659.69,682.29,646.74,681.63
7/5/2016 0:00,681.63,682.39,662.22,668.09
7/6/2016 0:00,668.09,680.23,666.93,676.11
7/7/2016 0:00,676.11,679.92,611.26,639.76
7/8/2016 0:00,639.76,665.75,636.28,664.74
7/9/2016 0:00,664.74,664.74,626.87,650.63
7/10/2016 0:00,650.63,651.84,639.62,649.96
7/11/2016 0:00,649.96,660.44,644.75,649.03
7/12/2016 0:00,649.03,675.07,646.54,664.84
7/13/2016 0:00,664.84,668.76,653.43,653.93
7/14/2016 0:00,653.93,663.65,651.49,659.64
7/15/2016 0:00,659.64,668.23,658.43,664.88
7/16/2016 0:00,664.88,667.36,658.25,663.54
7/17/2016 0:00,663.54,680.65,663.37,679.05
7/18/2016 0:00,679.05,682.19,667.44,673.59
7/19/2016 0:00,673.59,674.84,667.43,673.84
7/20/2016 0:00,673.84,674.39,662.61,666.18
7/21/2016 0:00,666.18,667.15,659.69,665.1
7/22/2016 0:00,665.1,667.2,645.15,650.82
7/23/2016 0:00,650.82,656.44,648.76,654.86
7/24/2016 0:00,654.86,663.92,652.33,661.05
7/25/2016 0:00,661.05,662.15,653.13,655.13
7/26/2016 0:00,655.13,656.73,644.65,651.08
7/27/2016 0:00,651.08,659.51,647.92,655.44
7/28/2016 0:00,655.44,658.63,654.16,655.63
7/29/2016 0:00,655.63,658.07,654.38,656.67
7/30/2016 0:00,656.67,658.28,653.51,654.98
7/31/2016 0:00,654.98,655.07,623.48,625.88
8/1/2016 0:00,625.88,627.62,604.92,607.37
8/2/2016 0:00,607.37,613.96,508.48,552.82
8/3/2016 0:00,552.82,576.76,540.3,565.26
8/4/2016 0:00,565.26,583.28,560.74,578.32
8/5/2016 0:00,578.32,579.09,566.07,574.96
8/6/2016 0:00,574.96,589.6,567.57,588.42
8/7/2016 0:00,588.42,598.64,584.45,592.78
8/8/2016 0:00,592.78,593.3,586.92,590.62
8/9/2016 0:00,590.62,590.7,583.83,584.76
8/10/2016 0:00,584.76,599.86,583.09,592.89
8/11/2016 0:00,592.89,597.48,586.33,586.52
8/12/2016 0:00,586.52,589.6,581.86,586.03
8/13/2016 0:00,586.03,589.14,583.62,585.08
8/14/2016 0:00,585.08,585.1,563.8,571.44
8/15/2016 0:00,571.44,574.4,560.2,567.2
8/16/2016 0:00,567.2,580.51,565.45,576.25
8/17/2016 0:00,576.25,578.29,568.48,571.74
8/18/2016 0:00,571.74,576.16,571.34,572.5
8/19/2016 0:00,572.5,575.89,571.54,573.66
8/20/2016 0:00,573.66,582.85,572.74,580.7
8/21/2016 0:00,580.7,583.95,579.2,580.69
8/22/2016 0:00,580.69,586.18,578.45,584.73
8/23/2016 0:00,584.73,586.72,578.11,581.28
8/24/2016 0:00,581.28,581.72,577.07,577.99
8/25/2016 0:00,577.99,578.46,573.09,575.73
8/26/2016 0:00,575.73,578.79,574.61,578.16
8/27/2016 0:00,578.16,578.39,566.45,568.67
8/28/2016 0:00,568.67,573.59,568.1,573.55
8/29/2016 0:00,573.55,575.36,571.37,572.36
8/30/2016 0:00,572.36,577.4,571.23,576
8/31/2016 0:00,576,576.45,570.8,572.33
9/1/2016 0:00,572.33,573.13,568.86,571.69
9/2/2016 0:00,571.69,575.26,569.3,574.15
9/3/2016 0:00,574.15,599.6,572.42,598.38
9/4/2016 0:00,598.38,612.39,595.81,608.92
9/5/2016 0:00,608.92,609.76,600.44,606.03
9/6/2016 0:00,606.03,611.16,604.21,611.07
9/7/2016 0:00,611.07,615.32,607.25,614.79
9/8/2016 0:00,614.79,628.75,613.13,624.95
9/9/2016 0:00,624.95,626,617.54,621.8
9/10/2016 0:00,621.8,624.32,620.34,622.21
9/11/2016 0:00,622.21,628.5,595.43,605.81
9/12/2016 0:00,605.81,606.83,603.08,606.31
9/13/2016 0:00,606.31,608.95,605.17,606.92
9/14/2016 0:00,606.92,609.63,606.33,608.22
9/15/2016 0:00,608.22,608.47,604.66,605.21
9/16/2016 0:00,605.21,608.54,605,606.33
9/17/2016 0:00,606.33,606.83,603.46,605.29
9/18/2016 0:00,605.29,609.35,604.64,608.7
9/19/2016 0:00,608.7,609.74,606.17,608.53
9/20/2016 0:00,608.53,608.72,599.47,599.47
9/21/2016 0:00,599.47,599.47,590.87,595.8
9/22/2016 0:00,595.8,596.93,594.57,595.03
9/23/2016 0:00,595.03,602.12,593.75,601.71
9/24/2016 0:00,601.71,603.54,599.63,601.34
9/25/2016 0:00,601.34,601.98,597.65,599.18
9/26/2016 0:00,599.18,607.34,598.14,606.81
9/27/2016 0:00,606.81,607.55,601.39,604.76
9/28/2016 0:00,604.76,604.79,602.27,603.52
9/29/2016 0:00,603.52,606.02,602.48,605.06
9/30/2016 0:00,605.06,608.59,603.48,608.44
10/1/2016 0:00,608.44,615.09,608.44,613.93
10/2/2016 0:00,613.93,614.28,608.27,610.29
10/3/2016 0:00,610.29,612.61,609.66,612.34
10/4/2016 0:00,612.34,612.37,607.68,609.37
10/5/2016 0:00,609.37,612.78,607.91,610.88
10/6/2016 0:00,610.88,611.61,610.09,610.9
10/7/2016 0:00,610.9,617.27,609.8,616.49
10/8/2016 0:00,616.49,618.46,615.5,616.6
10/9/2016 0:00,616.6,616.6,613.44,614.62
10/10/2016 0:00,614.62,617.42,613.82,617.42
10/11/2016 0:00,617.42,640.9,615.87,639.37
10/12/2016 0:00,639.37,640.15,634.07,635.08
10/13/2016 0:00,635.08,637.79,633.82,635.02
10/14/2016 0:00,635.02,639.24,631.96,638.37
10/15/2016 0:00,638.37,639.98,636.05,637.37
10/16/2016 0:00,637.37,641.15,636.72,639.83
10/17/2016 0:00,639.83,640.84,635.86,636.92
10/18/2016 0:00,636.92,637.8,632.77,635.51
10/19/2016 0:00,635.51,636.36,625.28,628.15
10/20/2016 0:00,628.15,629.64,626.08,628.62
10/21/2016 0:00,628.62,632.3,628.1,630.15
10/22/2016 0:00,630.15,654.56,629.65,652.71
10/23/2016 0:00,652.71,654.8,647.73,649.24
10/24/2016 0:00,649.24,650.04,645.49,648.4
10/25/2016 0:00,648.4,658.87,646.69,652.89
10/26/2016 0:00,652.89,676.54,652.33,674.36
10/27/2016 0:00,674.36,686.73,673.64,686.52
10/28/2016 0:00,686.52,688.3,681.42,688.1
10/29/2016 0:00,688.1,718.73,687.76,712.87
10/30/2016 0:00,712.87,712.87,692.21,696.35
10/31/2016 0:00,696.35,707.44,682.08,697.37
11/1/2016 0:00,697.37,735.83,697.37,729.27
11/2/2016 0:00,729.27,742.46,719.63,742.46
11/3/2016 0:00,742.46,744.89,673.73,687.51
11/4/2016 0:00,687.51,706.3,682.9,702.54
11/5/2016 0:00,702.54,706.42,696.66,704.16
11/6/2016 0:00,704.16,714.56,699.86,712.24
11/7/2016 0:00,712.24,712.24,700.19,704.02
11/8/2016 0:00,704.02,714.07,702,709.15
11/9/2016 0:00,709.15,738.98,707.79,721.19
11/10/2016 0:00,721.19,722.45,707.99,713.67
11/11/2016 0:00,713.67,718.27,713.07,716.56
11/12/2016 0:00,716.56,717.76,703.2,703.55
11/13/2016 0:00,703.55,703.96,686.02,702.5
11/14/2016 0:00,702.5,707.36,698.52,706.39
11/15/2016 0:00,706.39,716.21,705.36,711.96
11/16/2016 0:00,711.96,744.58,709.52,742.07
11/17/2016 0:00,742.07,752.04,735.41,735.41
11/18/2016 0:00,735.41,751.14,731.98,749.68
11/19/2016 0:00,749.68,754.55,740.13,750.63
11/20/2016 0:00,750.63,753.76,713.13,728.61
11/21/2016 0:00,728.61,738.63,728.01,736.72
11/22/2016 0:00,736.72,750.8,732.38,748.22
11/23/2016 0:00,748.22,748.93,732.21,741.6
11/24/2016 0:00,741.6,743.6,727.99,736.4
11/25/2016 0:00,736.4,738.51,728.38,738.28
11/26/2016 0:00,738.28,738.39,724.13,732.82
11/27/2016 0:00,732.82,735.4,727.44,728.42
11/28/2016 0:00,728.42,734.47,728.42,731.75
11/29/2016 0:00,731.75,734.43,728.6,731.76
11/30/2016 0:00,731.76,744.05,730.71,742.01
12/1/2016 0:00,742.01,754.75,741.88,753.25
12/2/2016 0:00,753.25,778.14,753.15,771.41
12/3/2016 0:00,771.41,771.47,757.83,764.97
12/4/2016 0:00,764.97,767.24,761.4,766.46
12/5/2016 0:00,766.46,766.83,745.7,750.71
12/6/2016 0:00,750.71,759.89,750.54,758.81
12/7/2016 0:00,758.81,768.32,752.16,763.9
12/8/2016 0:00,763.9,771.42,761.46,766.75
12/9/2016 0:00,766.75,772.47,766.27,770.41
12/10/2016 0:00,770.41,775.09,770.25,773.21
12/11/2016 0:00,773.21,773.31,763.32,768.62
12/12/2016 0:00,768.62,779.35,768.62,777.91
12/13/2016 0:00,777.91,788.49,766.9,775.25
12/14/2016 0:00,775.25,779.6,771.39,776.64
12/15/2016 0:00,776.64,778.22,774.94,775.48
12/16/2016 0:00,775.48,781.54,772.77,780.85
12/17/2016 0:00,780.85,790.84,780.7,788.58
12/18/2016 0:00,788.58,790.09,785.24,788.59
12/19/2016 0:00,788.59,792.28,788.57,790.16
12/20/2016 0:00,790.16,800.46,788.45,798.78
12/21/2016 0:00,798.78,833.3,797.46,833.1
12/22/2016 0:00,833.1,874.1,829.84,858.74
12/23/2016 0:00,858.74,918.95,858.62,916.79
12/24/2016 0:00,916.79,917.55,883.27,894.2
12/25/2016 0:00,894.2,896.14,858.04,894.48
12/26/2016 0:00,894.48,909.85,893.62,902.55
12/27/2016 0:00,902.55,938.13,900.03,931.11
12/28/2016 0:00,931.11,978.01,931.11,978.01
12/29/2016 0:00,978.01,982.87,949.62,969.62
12/30/2016 0:00,969.62,969.62,928.99,960.47
12/31/2016 0:00,960.47,968.23,945.74,968.23
1/1/2017 0:00,968.23,1003.25,962.58,997.69
1/2/2017 0:00,997.69,1034.1,996.44,1018.05
1/3/2017 0:00,1018.05,1036.14,1013.38,1030.82
1/4/2017 0:00,1030.82,1141.16,1030.82,1129.87
1/5/2017 0:00,1129.87,1153.02,887.46,1005.81
1/6/2017 0:00,1005.81,1029.17,867.16,895.67
1/7/2017 0:00,895.67,906.04,816.36,905.17
1/8/2017 0:00,905.17,942.06,888.2,913.52
1/9/2017 0:00,913.52,913.52,878.1,899.35
1/10/2017 0:00,899.35,914.02,897.57,904.79
1/11/2017 0:00,904.79,919.56,752.11,775.98
1/12/2017 0:00,775.98,828.09,746.68,802.83
1/13/2017 0:00,802.83,829.81,774.36,826.12
1/14/2017 0:00,826.12,839.23,810.64,818.64
1/15/2017 0:00,818.64,823.16,810.01,822.42
1/16/2017 0:00,822.42,834.7,820.05,830.26
1/17/2017 0:00,830.26,908.13,828.58,904.45
1/18/2017 0:00,904.45,914.8,848.61,884.25
1/19/2017 0:00,884.25,905.42,879.59,898.02
1/20/2017 0:00,898.02,899.38,882.3,891.62
1/21/2017 0:00,891.62,927.24,891.09,920.01
1/22/2017 0:00,920.01,939.27,893.01,925.33
1/23/2017 0:00,925.33,927,912.69,912.69
1/24/2017 0:00,912.69,922.15,884.79,885.65
1/25/2017 0:00,885.65,902.73,885.65,894.11
1/26/2017 0:00,894.11,919.13,894.02,915.1
1/27/2017 0:00,915.1,921.57,909.4,918.56
1/28/2017 0:00,918.56,921.59,917.5,920.28
1/29/2017 0:00,920.28,922.06,914,914.04
1/30/2017 0:00,914.04,921.58,912.95,920.24
1/31/2017 0:00,920.24,970.19,920.24,967.67
2/1/2017 0:00,967.67,987.35,964.41,987.35
2/2/2017 0:00,987.35,1010.08,977.52,1007.79
2/3/2017 0:00,1007.79,1024.14,995.87,1018.11
2/4/2017 0:00,1018.11,1040.09,1004.38,1033.65
2/5/2017 0:00,1033.65,1033.65,1006.52,1013.99
2/6/2017 0:00,1013.99,1030.4,1012.9,1024.61
2/7/2017 0:00,1024.61,1054.73,1023.99,1052.54
2/8/2017 0:00,1052.54,1069.99,1018.19,1054.34
2/9/2017 0:00,1054.34,1077.76,942.45,988.95
2/10/2017 0:00,988.95,1000.99,954.28,993.08
2/11/2017 0:00,993.08,1016,987.81,1010
2/12/2017 0:00,1010,1010,997.46,999.51
2/13/2017 0:00,999.51,1007.28,976.29,996.86
2/14/2017 0:00,996.86,1016.44,987.33,1009.25
2/15/2017 0:00,1009.25,1011.33,1001,1009.12
2/16/2017 0:00,1009.12,1039.85,1008.79,1034.08
2/17/2017 0:00,1034.08,1058.27,1027.99,1053.12
2/18/2017 0:00,1053.12,1066.84,1050.71,1058.41
2/19/2017 0:00,1058.41,1061.32,1045.31,1052.82
2/20/2017 0:00,1052.82,1084.5,1045.8,1083.24
2/21/2017 0:00,1083.24,1126.49,1078.02,1123.66
2/22/2017 0:00,1123.66,1135.86,1101.9,1122.19
2/23/2017 0:00,1122.19,1186.33,1119.41,1178.38
2/24/2017 0:00,1178.38,1206.6,1101.38,1180.92
2/25/2017 0:00,1180.92,1184.18,1126.26,1151.58
2/26/2017 0:00,1151.58,1183.35,1133.23,1179.97
2/27/2017 0:00,1179.97,1196.8,1173.09,1194.28
2/28/2017 0:00,1194.28,1210.16,1176.9,1190.89
3/1/2017 0:00,1190.89,1230.02,1187.33,1230.02
3/2/2017 0:00,1230.02,1284.33,1216.03,1260.92
3/3/2017 0:00,1260.92,1293.47,1258.49,1290.79
3/4/2017 0:00,1290.79,1290.79,1239.57,1267.68
3/5/2017 0:00,1267.68,1277.88,1245.91,1277.68
3/6/2017 0:00,1277.68,1285.18,1268.81,1280.87
3/7/2017 0:00,1280.87,1282.44,1188.17,1232.43
3/8/2017 0:00,1232.43,1239.75,1145.89,1150.48
3/9/2017 0:00,1150.48,1208.64,1135.09,1191.81
3/10/2017 0:00,1191.81,1325.81,1022.68,1117.02
3/11/2017 0:00,1117.02,1200.38,1112.14,1181.64
3/12/2017 0:00,1181.64,1237.78,1178.07,1229.5
3/13/2017 0:00,1229.5,1247.26,1216.21,1243.24
3/14/2017 0:00,1243.24,1257.8,1227.11,1246.31
3/15/2017 0:00,1246.31,1260.42,1245.1,1259.6
3/16/2017 0:00,1259.6,1260.63,1132.45,1172.91
3/17/2017 0:00,1172.91,1172.91,1066.8,1070.13
3/18/2017 0:00,1070.13,1096.88,944.11,970.6
3/19/2017 0:00,970.6,1058.91,970.6,1017.8
3/20/2017 0:00,1017.8,1052.21,1014.9,1041.34
3/21/2017 0:00,1041.34,1119.07,1041.3,1115.04
3/22/2017 0:00,1115.04,1115.17,990.7,1037.44
3/23/2017 0:00,1037.44,1053.24,1016.83,1029.95
3/24/2017 0:00,1029.95,1032.34,925.78,935.95
3/25/2017 0:00,935.95,972.27,891.51,964.69
3/26/2017 0:00,964.69,998.56,946.52,965.23
3/27/2017 0:00,965.23,1042.9,958.77,1040.49
3/28/2017 0:00,1040.49,1064.52,1017.17,1044.25
3/29/2017 0:00,1044.25,1056.9,1010.05,1040.39
3/30/2017 0:00,1040.39,1051.85,1023.19,1037.53
3/31/2017 0:00,1037.53,1087.73,1037.52,1079.75
4/1/2017 0:00,1079.75,1103.53,1069.78,1089.51
4/2/2017 0:00,1089.51,1111.24,1077.59,1098.78
4/3/2017 0:00,1098.78,1155.71,1098.77,1147.63
4/4/2017 0:00,1147.63,1161.36,1125.83,1143.75
4/5/2017 0:00,1143.75,1145.82,1113.08,1135
4/6/2017 0:00,1135,1202.82,1135,1190.6
4/7/2017 0:00,1190.6,1202.04,1176.37,1193.02
4/8/2017 0:00,1193.02,1196.94,1170.58,1184.82
4/9/2017 0:00,1184.82,1218.24,1178.4,1210.05
4/10/2017 0:00,1210.05,1219.06,1202.78,1213.34
4/11/2017 0:00,1213.34,1232.15,1204.36,1224.77
4/12/2017 0:00,1224.77,1228.26,1213.65,1216.5
4/13/2017 0:00,1216.5,1222.26,1154.9,1178.53
4/14/2017 0:00,1178.53,1197.39,1169.89,1183.44
4/15/2017 0:00,1183.44,1199.71,1178.35,1180.7
4/16/2017 0:00,1180.7,1190.96,1178.09,1184.79
4/17/2017 0:00,1184.79,1206.9,1181.78,1203.73
4/18/2017 0:00,1203.73,1222.36,1203.39,1217.6
4/19/2017 0:00,1217.6,1228.5,1209.18,1226.94
4/20/2017 0:00,1226.94,1262.85,1220.45,1255.4
4/21/2017 0:00,1255.4,1275.05,1247.79,1257.13
4/22/2017 0:00,1257.13,1259.06,1220,1244.37
4/23/2017 0:00,1244.37,1250.45,1230.68,1248.22
4/24/2017 0:00,1248.22,1250.47,1238.11,1248.32
4/25/2017 0:00,1248.32,1270.73,1248.19,1263.54
4/26/2017 0:00,1263.54,1307.28,1263.49,1284.84
4/27/2017 0:00,1284.84,1335.56,1283.31,1329.19
4/28/2017 0:00,1329.19,1343.59,1282.93,1320.05
4/29/2017 0:00,1320.05,1333.37,1311.25,1327.04
4/30/2017 0:00,1327.04,1352.15,1308.74,1347.96
5/1/2017 0:00,1347.96,1426.63,1346.27,1402.08
5/2/2017 0:00,1402.08,1466.88,1397.06,1443.68
5/3/2017 0:00,1443.68,1494.53,1431.18,1492
5/4/2017 0:00,1492,1594.63,1442.73,1515.63
5/5/2017 0:00,1515.63,1591.97,1491.67,1512.21
5/6/2017 0:00,1512.21,1552.44,1512.11,1548.29
5/7/2017 0:00,1548.29,1560.01,1525.89,1555.47
5/8/2017 0:00,1555.47,1639.43,1555.47,1639.32
5/9/2017 0:00,1639.32,1753.59,1615.63,1706.93
5/10/2017 0:00,1706.93,1782.89,1690.4,1756.8
5/11/2017 0:00,1756.8,1848.75,1732.13,1807.37
5/12/2017 0:00,1807.37,1808.55,1644.64,1676.99
5/13/2017 0:00,1676.99,1759.96,1587.69,1759.96
5/14/2017 0:00,1759.96,1799.65,1740.2,1772.42
5/15/2017 0:00,1772.42,1773.49,1652.16,1697.38
5/16/2017 0:00,1697.38,1737.34,1657.11,1718.2
5/17/2017 0:00,1718.2,1823.55,1688.49,1802.16
5/18/2017 0:00,1802.16,1893.63,1794.92,1887.33
5/19/2017 0:00,1887.33,1973.01,1887.15,1968.1
5/20/2017 0:00,1968.1,2061.88,1964.97,2051.73
5/21/2017 0:00,2051.73,2092.54,2001.14,2055.62
5/22/2017 0:00,2055.62,2289.21,2045.79,2139.03
5/23/2017 0:00,2139.03,2297.56,2134.64,2291.48
5/24/2017 0:00,2291.48,2524.83,2291.48,2476.3
5/25/2017 0:00,2476.3,2791.69,2298.49,2357.5
5/26/2017 0:00,2357.5,2639.9,2067.1,2247.48
5/27/2017 0:00,2247.48,2329.37,1908.99,2106.31
5/28/2017 0:00,2106.31,2320.82,2106.31,2207.58
5/29/2017 0:00,2207.58,2339.72,2135.61,2289.87
5/30/2017 0:00,2289.87,2329.64,2152.92,2197.23
5/31/2017 0:00,2197.23,2351.24,2162.23,2330.23
6/1/2017 0:00,2330.23,2489.98,2330.23,2452.18
6/2/2017 0:00,2452.18,2517.41,2418.32,2517.41
6/3/2017 0:00,2517.41,2593.64,2448.04,2555.65
6/4/2017 0:00,2555.65,2577.83,2494.29,2552.81
6/5/2017 0:00,2552.81,2736.59,2551.55,2736.59
6/6/2017 0:00,2736.59,2967.48,2732.99,2914.08
6/7/2017 0:00,2914.08,2922.7,2629.53,2694.22
6/8/2017 0:00,2694.22,2828.48,2625.08,2825.03
6/9/2017 0:00,2825.03,2874.7,2794.06,2826.7
6/10/2017 0:00,2826.7,2942.46,2821.52,2942.34
6/11/2017 0:00,2942.34,3025.47,2894.01,3018.54
6/12/2017 0:00,3018.54,3020.27,2525.24,2682.59
6/13/2017 0:00,2682.59,2802.95,2678.76,2738.93
6/14/2017 0:00,2738.93,2828.88,2385.03,2494.48
6/15/2017 0:00,2494.48,2553.68,2185.96,2456.92
6/16/2017 0:00,2456.92,2559.19,2366.49,2528.1
6/17/2017 0:00,2528.1,2707.06,2462.16,2664
6/18/2017 0:00,2664,2689.54,2522.32,2576.17
6/19/2017 0:00,2576.17,2642.28,2555.1,2641.66
6/20/2017 0:00,2641.66,2822.63,2636.06,2778.83
6/21/2017 0:00,2778.83,2828.94,2661.42,2712.16
6/22/2017 0:00,2712.16,2768.76,2637.22,2740.79
6/23/2017 0:00,2740.79,2813.31,2709.76,2738.22
6/24/2017 0:00,2738.22,2790.33,2564,2619.12
6/25/2017 0:00,2619.12,2713.9,2495.97,2594.45
6/26/2017 0:00,2594.45,2658,2387.64,2485.36
6/27/2017 0:00,2485.36,2593.17,2332.6,2593.17
6/28/2017 0:00,2593.17,2619.24,2490.21,2584.56
6/29/2017 0:00,2584.56,2623.31,2530.12,2561.56
6/30/2017 0:00,2561.56,2632.11,2485.55,2499.98
7/1/2017 0:00,2499.98,2547.05,2442.83,2460.2
7/2/2017 0:00,2460.2,2541.99,2396.01,2529.78
7/3/2017 0:00,2529.78,2620.29,2504.36,2581.07
7/4/2017 0:00,2581.07,2659.79,2580.7,2625.07
7/5/2017 0:00,2625.07,2648.68,2560.85,2629.27
7/6/2017 0:00,2629.27,2638.1,2591.98,2619.11
7/7/2017 0:00,2619.11,2622.19,2492.33,2521.24
7/8/2017 0:00,2521.24,2590.55,2482.77,2579.93
7/9/2017 0:00,2579.93,2590.75,2522.24,2525.67
7/10/2017 0:00,2525.67,2544.96,2314.08,2371.96
7/11/2017 0:00,2371.96,2428.16,2292.84,2332.19
7/12/2017 0:00,2332.19,2438.48,2272.32,2423.16
7/13/2017 0:00,2423.16,2450.99,2336.67,2364.52
7/14/2017 0:00,2364.52,2376.43,2171.81,2232.65
7/15/2017 0:00,2232.65,2238.66,1990.69,1993.26
7/16/2017 0:00,1993.26,2073.79,1836.92,1938.94
7/17/2017 0:00,1938.94,2244.26,1938.73,2244.26
7/18/2017 0:00,2244.26,2407.19,2169.64,2327.9
7/19/2017 0:00,2327.9,2413.48,2243.98,2294.4
7/20/2017 0:00,2294.4,2948.51,2276.15,2877.39
7/21/2017 0:00,2877.39,2889.42,2621.23,2694.29
7/22/2017 0:00,2694.29,2875.78,2678.04,2838.81
7/23/2017 0:00,2838.81,2860.3,2670.76,2762.63
7/24/2017 0:00,2762.63,2813.97,2720.71,2779.04
7/25/2017 0:00,2779.04,2824,2485.18,2591.22
7/26/2017 0:00,2591.22,2633.03,2433.83,2550.18
7/27/2017 0:00,2550.18,2715.69,2541.71,2697.47
7/28/2017 0:00,2697.47,2833.24,2682.87,2805.18
7/29/2017 0:00,2805.18,2809.03,2681.55,2720.08
7/30/2017 0:00,2720.08,2753.33,2615.81,2746.33
7/31/2017 0:00,2746.33,2908.29,2706.82,2873.83
8/1/2017 0:00,2873.83,2925.03,2680.85,2735.59
8/2/2017 0:00,2735.59,2772.56,2675.68,2723.58
8/3/2017 0:00,2723.58,2824.38,2715.49,2814.36
8/4/2017 0:00,2814.36,2897.79,2797.12,2883.68
8/5/2017 0:00,2883.68,3360.87,2881.85,3301.76
8/6/2017 0:00,3301.76,3330.34,3190.19,3255
8/7/2017 0:00,3255,3451.85,3222.91,3431.97
8/8/2017 0:00,3431.97,3538.04,3357.39,3453.16
8/9/2017 0:00,3453.16,3460.54,3280.32,3377.54
8/10/2017 0:00,3377.54,3481.09,3353.42,3445.28
8/11/2017 0:00,3445.28,3754.62,3427.01,3679.61
8/12/2017 0:00,3679.61,4009.89,3639.77,3917.65
8/13/2017 0:00,3917.65,4225.4,3890,4111.2
8/14/2017 0:00,4111.2,4384.05,4031.85,4382.74
8/15/2017 0:00,4382.74,4483.55,3892.72,4204.43
8/16/2017 0:00,4204.43,4434.41,3985.23,4425.3
8/17/2017 0:00,4425.3,4522.13,4235.79,4316.34
8/18/2017 0:00,4316.34,4407.8,4040.05,4159.46
8/19/2017 0:00,4159.46,4248.04,4033.54,4206.13
8/20/2017 0:00,4206.13,4227.09,4101.06,4111.22
8/21/2017 0:00,4111.22,4353.42,3964.77,4054.94
8/22/2017 0:00,4054.94,4217.67,3687.28,4137.67
8/23/2017 0:00,4137.67,4447.89,4066.62,4191.22
8/24/2017 0:00,4191.22,4400.75,4153.8,4362.47
8/25/2017 0:00,4362.47,4496.29,4311.8,4408.32
8/26/2017 0:00,4408.32,4441.48,4285.73,4387.46
8/27/2017 0:00,4387.46,4456.11,4321.57,4394.51
8/28/2017 0:00,4394.51,4475.7,4221.44,4439.66
8/29/2017 0:00,4439.66,4703.42,4365.7,4648.13
8/30/2017 0:00,4648.13,4707.55,4545.54,4630.73
8/31/2017 0:00,4630.73,4802.74,4629.78,4764.87
9/1/2017 0:00,4764.87,4950.72,4726.74,4950.72
9/2/2017 0:00,4950.72,5013.91,4529.37,4643.97
9/3/2017 0:00,4643.97,4749.03,4481.52,4631.69
9/4/2017 0:00,4631.69,4636.31,4167.53,4319.72
9/5/2017 0:00,4319.72,4494.53,4037.5,4422.12
9/6/2017 0:00,4422.12,4666.47,4421.53,4626.72
9/7/2017 0:00,4626.72,4691.98,4506.66,4638.1
9/8/2017 0:00,4638.1,4698.73,4151.64,4317.54
9/9/2017 0:00,4317.54,4394.52,4161.97,4291.88
9/10/2017 0:00,4291.88,4302.2,3976.46,4191.17
9/11/2017 0:00,4191.17,4334.51,4108.47,4188.84
9/12/2017 0:00,4188.84,4368.22,4067.41,4148.27
9/13/2017 0:00,4148.27,4152.07,3766.36,3874.26
9/14/2017 0:00,3874.26,3923.98,3209.44,3226.41
9/15/2017 0:00,3226.41,3761.18,2951.15,3686.9
9/16/2017 0:00,3686.9,3874.63,3551.76,3678.74
9/17/2017 0:00,3678.74,3784.11,3484.8,3672.57
9/18/2017 0:00,3672.57,4077.22,3672.57,4067.08
9/19/2017 0:00,4067.08,4080.5,3847.35,3897
9/20/2017 0:00,3897,4021.46,3826.36,3858.09
9/21/2017 0:00,3858.09,3890.98,3584.59,3612.68
9/22/2017 0:00,3612.68,3748.7,3519.07,3603.31
9/23/2017 0:00,3603.31,3810.54,3573.24,3777.29
9/24/2017 0:00,3777.29,3777.92,3627.53,3662.12
9/25/2017 0:00,3662.12,3970.26,3662.12,3927.5
9/26/2017 0:00,3927.5,3968.54,3865.23,3895.51
9/27/2017 0:00,3895.51,4228.08,3891.22,4208.56
9/28/2017 0:00,4208.56,4278.78,4134.75,4185.29
9/29/2017 0:00,4185.29,4227.44,4027.04,4164.1
9/30/2017 0:00,4164.1,4358.4,4157.23,4353.05
10/1/2017 0:00,4353.05,4395.23,4261.35,4394.64
10/2/2017 0:00,4394.64,4462.01,4376.08,4404.1
10/3/2017 0:00,4404.1,4429.32,4246.29,4320.09
10/4/2017 0:00,4320.09,4345.28,4189.57,4225.92
10/5/2017 0:00,4225.92,4355.89,4150.76,4322.75
10/6/2017 0:00,4322.75,4417.45,4303.48,4370.24
10/7/2017 0:00,4370.24,4461.66,4330.28,4437.03
10/8/2017 0:00,4437.03,4606.18,4419.19,4596.96
10/9/2017 0:00,4596.96,4870.04,4554.03,4772.97
10/10/2017 0:00,4772.97,4909.18,4728.41,4754.7
10/11/2017 0:00,4754.7,4882.69,4726.28,4830.77
10/12/2017 0:00,4830.77,5439.13,4809.93,5439.13
10/13/2017 0:00,5439.13,5856.1,5396.23,5640.13
10/14/2017 0:00,5640.13,5814.23,5570.04,5809.69
10/15/2017 0:00,5809.69,5844.77,5439.98,5697.39
10/16/2017 0:00,5697.39,5789.79,5569.31,5754.22
10/17/2017 0:00,5754.22,5769.51,5520.48,5595.23
10/18/2017 0:00,5595.23,5599.56,5109.7,5572.2
10/19/2017 0:00,5572.2,5735.15,5519.99,5699.58
10/20/2017 0:00,5699.58,6064.14,5611.12,5984.09
10/21/2017 0:00,5984.09,6183.98,5886.65,6013.23
10/22/2017 0:00,6013.23,6068.08,5733.02,5984.96
10/23/2017 0:00,5984.96,6050.2,5653.73,5895.3
10/24/2017 0:00,5895.3,5895.3,5463.44,5518.85
10/25/2017 0:00,5518.85,5751.68,5374.6,5733.9
10/26/2017 0:00,5733.9,5978.04,5691.05,5888.14
10/27/2017 0:00,5888.14,5995.93,5691.76,5767.68
10/28/2017 0:00,5767.68,5875.9,5667.35,5732.82
10/29/2017 0:00,5732.82,6306.58,5690.11,6140.53
10/30/2017 0:00,6140.53,6218.49,6026.69,6121.8
10/31/2017 0:00,6121.8,6458.27,6089.47,6447.67
11/1/2017 0:00,6447.67,6750.17,6357.91,6750.17
11/2/2017 0:00,6750.17,7355.35,6745.96,7030
11/3/2017 0:00,7030,7454.04,6942.29,7161.45
11/4/2017 0:00,7161.45,7503.72,6994.88,7387
11/5/2017 0:00,7387,7601.53,7297.58,7382.45
11/6/2017 0:00,7382.45,7423.06,6932.43,6958.21
11/7/2017 0:00,6958.21,7221.54,6958.21,7118.8
11/8/2017 0:00,7118.8,7879.06,7078.96,7458.79
11/9/2017 0:00,7458.79,7471.88,7058.35,7146.78
11/10/2017 0:00,7146.78,7330.06,6422.97,6570.31
11/11/2017 0:00,6570.31,6827.72,6198.56,6337
11/12/2017 0:00,6337,6466.46,5507.29,5857.32
11/13/2017 0:00,5857.32,6766.81,5823.86,6517.68
11/14/2017 0:00,6517.68,6727.76,6442.4,6598.77
11/15/2017 0:00,6598.77,7336.8,6598.77,7279
11/16/2017 0:00,7279,7983.72,7122.46,7843.94
11/17/2017 0:00,7843.94,7998.4,7541.04,7689.91
11/18/2017 0:00,7689.91,7848.94,7460.11,7776.94
11/19/2017 0:00,7776.94,8101.91,7678.37,8033.94
11/20/2017 0:00,8033.94,8286.17,7940.87,8238.2
11/21/2017 0:00,8238.2,8362.3,7818.5,8095.59
11/22/2017 0:00,8095.59,8294.49,8074.53,8230.69
11/23/2017 0:00,8230.69,8268.32,8002.64,8002.64
11/24/2017 0:00,8002.64,8333.17,7892.68,8201.46
11/25/2017 0:00,8201.46,8773.9,8156.75,8763.78
11/26/2017 0:00,8763.78,9484.91,8757.36,9326.59
11/27/2017 0:00,9326.59,9739.05,9326.59,9739.05
11/28/2017 0:00,9739.05,9969.12,9645.88,9908.23
11/29/2017 0:00,9908.23,11377.33,9290.3,9816.35
11/30/2017 0:00,9816.35,10681.85,9021.85,9916.54
12/1/2017 0:00,9916.54,10934,9421.46,10859.56
12/2/2017 0:00,10859.56,11156.14,10000,10895.01
12/3/2017 0:00,10895.01,11831.51,10000,11180.89
12/4/2017 0:00,11180.89,11616.85,10000,11616.85
12/5/2017 0:00,11616.85,11860.24,10000,11696.06
12/6/2017 0:00,11696.06,13810.72,10000,13708.99
12/7/2017 0:00,13708.99,17364.56,10000,16858.02
12/8/2017 0:00,16858.02,17153.94,10000,16057.14
12/9/2017 0:00,16057.14,16291.68,10000,14913.4
12/10/2017 0:00,14913.4,15740.25,10000,15036.96
12/11/2017 0:00,15036.96,17383.46,10000,16699.68
12/12/2017 0:00,16699.68,17631.42,10000,17178.1
12/13/2017 0:00,17178.1,17319.92,17178.1,17327.12
12/13/2017 0:15,17327.12,17353.1,17320.64,17364.06
12/13/2017 0:30,17364.06,17383.34,17350.11,17350.59
12/13/2017 0:45,17350.59,17384.56,17328.97,17362.86
12/13/2017 1:00,17362.86,17380.13,17312.18,17320.27
12/13/2017 1:15,17320.27,17320.27,17224.22,17217.76
12/13/2017 1:30,17217.76,17250.03,17078.31,17138.75
12/13/2017 1:45,17138.75,17235.97,17138.75,17188.1
12/13/2017 2:00,17188.1,17253.38,17112.7,17075.25
12/13/2017 2:15,17075.25,17075.25,16983.59,16977.93
12/13/2017 2:30,16977.93,16977.93,16767.62,16725.91
12/13/2017 2:45,16725.91,16725.91,16417.16,16665.11
12/13/2017 3:00,16665.11,16835.77,16637.45,16773.85
12/13/2017 3:15,16773.85,16773.85,16629.47,16672.4
12/13/2017 3:30,16672.4,16798.93,16659.75,16785.76
12/13/2017 3:45,16785.76,16786.64,16645.68,16678.29
12/13/2017 4:00,16678.29,16678.29,16514.39,16496.86
12/13/2017 4:15,16496.86,16496.86,16463.27,16489.39
12/13/2017 4:30,16489.39,16665.41,16487.26,16647.42
12/13/2017 4:45,16647.42,16660.88,16597.97,16667.63
12/13/2017 5:00,16667.63,16929.31,16667.63,16923.11
12/13/2017 5:15,16923.11,16923.11,16889.77,16931.87
12/13/2017 5:30,16931.87,16962.95,16930.64,16930.92
12/13/2017 5:45,16930.92,16931.27,16888.92,16908.31
12/13/2017 6:00,16908.31,16908.31,16795.09,16826.56
12/13/2017 6:15,16826.56,16832.52,16794,16773.09
12/13/2017 6:30,16773.09,16782.67,16739.42,16777.58
12/13/2017 6:45,16777.58,16844.01,16777.58,16844.86
12/13/2017 7:00,16844.86,16857.43,16807.42,16817.84
12/13/2017 7:15,16817.84,16819.75,16753.02,16795.45
12/13/2017 7:30,16795.45,16809.98,16766.76,16770.28
12/13/2017 7:45,16770.28,16819.36,16767.97,16789.91
12/13/2017 8:00,16789.91,16794.66,16766.31,16780.01
12/13/2017 8:15,16780.01,16780.01,16726.79,16742.65
12/13/2017 8:30,16742.65,16879.95,16742.65,16881.46
12/13/2017 8:45,16881.46,16891.39,16865.64,16863.9
12/13/2017 9:00,16863.9,16870.61,16789.3,16784.36
12/13/2017 9:15,16784.36,16829.11,16779.32,16828.36
12/13/2017 9:30,16828.36,16842.98,16827.15,16851.12
12/13/2017 9:45,16851.12,16872.03,16832.15,16865.02
12/13/2017 10:00,16865.02,16898.51,16863.13,16907.1
12/13/2017 10:15,16907.1,16917.5,16866.77,16869.21
12/13/2017 10:30,16869.21,16874.74,16816.29,16879.09
12/13/2017 10:45,16879.09,16894.31,16846.99,16855.67
12/13/2017 11:00,16855.67,16883.08,16818.38,16883.57
12/13/2017 11:15,16883.57,16883.57,16835.94,16846.38
12/13/2017 11:30,16846.38,16847.02,16827.2,16842.25
12/13/2017 11:45,16842.25,16846.91,16829.76,16837.03
12/13/2017 12:00,16837.03,17111.92,16837.03,17076.06
12/13/2017 12:15,17076.06,17187.55,17065.09,17170.87
12/13/2017 12:30,17170.87,17269.55,17134.87,17267.25
12/13/2017 12:45,17267.25,17335.73,17188.39,17204.74
12/13/2017 13:00,17204.74,17209.09,17126.62,17214.6
12/13/2017 13:15,17214.6,17289.74,17214.6,17249.13
12/13/2017 13:30,17249.13,17249.13,17175.81,17189.44
12/13/2017 13:45,17189.44,17208.98,17131.65,17136.15
12/13/2017 14:00,17136.15,17164.41,17134.24,17178.17
12/13/2017 14:15,17178.17,17267.41,17178.17,17190.77
12/13/2017 14:30,17190.77,17190.92,17163.47,17173.1
12/13/2017 14:45,17173.1,17185.96,17090.58,17125.3
12/13/2017 15:00,17125.3,17180.75,17125.3,17180.75
,,,,
This data was produced from the CoinDesk price page.,,,,
http://www.coindesk.com/price/,,,,
